ObjectID,FileName,Title,Format,Description
VS_LS_001,Angkor,Angkor,image/jpg,
VS_LS_002,Archi_drawing,Archi drawing,image/jpg,
VS_LS_003,Banana,Banana,image/jpg,
VS_LS_004,Budda,Budda,image/jpg,
VS_LS_005,Cairo,Cairo,image/jpg,
VS_LS_006,Cupid,Cupid,image/jpg,
VS_LS_007,Girl,Girl,image/jpg,
VS_LS_008,Goya,Goya,image/jpg,
VS_LS_009,Mt_Athos,Mt. Athos,image/jpg,
VS_LS_010,Selinunte,Selinunte,image/jpg,
VS_LS_011,Stairway,Stairway,image/jpg,
VS_LS_012,Turner,Turner,image/jpg,
VS_LS_013,Wailing_Wall,Wailing Wall,image/jpg,
